publishedAt,title,description,url
2023-12-01T00:00:00Z,Apple Stock News 1,Description of Apple stock news article 1. Market sentiment is positive.,https://example.com/news/1
2023-12-02T00:00:00Z,Apple Stock News 2,Description of Apple stock news article 2. Market sentiment is positive.,https://example.com/news/2
2023-12-03T00:00:00Z,Apple Stock News 3,Description of Apple stock news article 3. Market sentiment is positive.,https://example.com/news/3
2023-12-04T00:00:00Z,Apple Stock News 4,Description of Apple stock news article 4. Market sentiment is positive.,https://example.com/news/4
2023-12-05T00:00:00Z,Apple Stock News 5,Description of Apple stock news article 5. Market sentiment is positive.,https://example.com/news/5
2023-12-06T00:00:00Z,Apple Stock News 6,Description of Apple stock news article 6. Market sentiment is positive.,https://example.com/news/6
2023-12-07T00:00:00Z,Apple Stock News 7,Description of Apple stock news article 7. Market sentiment is positive.,https://example.com/news/7
2023-12-08T00:00:00Z,Apple Stock News 8,Description of Apple stock news article 8. Market sentiment is positive.,https://example.com/news/8
2023-12-09T00:00:00Z,Apple Stock News 9,Description of Apple stock news article 9. Market sentiment is positive.,https://example.com/news/9
2023-12-10T00:00:00Z,Apple Stock News 10,Description of Apple stock news article 10. Market sentiment is positive.,https://example.com/news/10
2023-12-11T00:00:00Z,Apple Stock News 11,Description of Apple stock news article 11. Market sentiment is positive.,https://example.com/news/11
2023-12-12T00:00:00Z,Apple Stock News 12,Description of Apple stock news article 12. Market sentiment is positive.,https://example.com/news/12
2023-12-13T00:00:00Z,Apple Stock News 13,Description of Apple stock news article 13. Market sentiment is positive.,https://example.com/news/13
2023-12-14T00:00:00Z,Apple Stock News 14,Description of Apple stock news article 14. Market sentiment is positive.,https://example.com/news/14
2023-12-15T00:00:00Z,Apple Stock News 15,Description of Apple stock news article 15. Market sentiment is positive.,https://example.com/news/15
2023-12-16T00:00:00Z,Apple Stock News 16,Description of Apple stock news article 16. Market sentiment is positive.,https://example.com/news/16
2023-12-17T00:00:00Z,Apple Stock News 17,Description of Apple stock news article 17. Market sentiment is positive.,https://example.com/news/17
2023-12-18T00:00:00Z,Apple Stock News 18,Description of Apple stock news article 18. Market sentiment is positive.,https://example.com/news/18
2023-12-19T00:00:00Z,Apple Stock News 19,Description of Apple stock news article 19. Market sentiment is positive.,https://example.com/news/19
2023-12-20T00:00:00Z,Apple Stock News 20,Description of Apple stock news article 20. Market sentiment is positive.,https://example.com/news/20
2023-12-21T00:00:00Z,Apple Stock News 21,Description of Apple stock news article 21. Market sentiment is positive.,https://example.com/news/21
2023-12-22T00:00:00Z,Apple Stock News 22,Description of Apple stock news article 22. Market sentiment is positive.,https://example.com/news/22
2023-12-23T00:00:00Z,Apple Stock News 23,Description of Apple stock news article 23. Market sentiment is positive.,https://example.com/news/23
2023-12-24T00:00:00Z,Apple Stock News 24,Description of Apple stock news article 24. Market sentiment is positive.,https://example.com/news/24
2023-12-25T00:00:00Z,Apple Stock News 25,Description of Apple stock news article 25. Market sentiment is positive.,https://example.com/news/25
2023-12-26T00:00:00Z,Apple Stock News 26,Description of Apple stock news article 26. Market sentiment is positive.,https://example.com/news/26
2023-12-27T00:00:00Z,Apple Stock News 27,Description of Apple stock news article 27. Market sentiment is positive.,https://example.com/news/27
2023-12-28T00:00:00Z,Apple Stock News 28,Description of Apple stock news article 28. Market sentiment is positive.,https://example.com/news/28
2023-12-29T00:00:00Z,Apple Stock News 29,Description of Apple stock news article 29. Market sentiment is positive.,https://example.com/news/29
2023-12-30T00:00:00Z,Apple Stock News 30,Description of Apple stock news article 30. Market sentiment is positive.,https://example.com/news/30
2023-12-31T00:00:00Z,Apple Stock News 31,Description of Apple stock news article 31. Market sentiment is positive.,https://example.com/news/31
